高血圧の収縮期は140mmHg、拡張期は90mmHg以上である。,TRUE,そのとおり。[1-38]
鉄欠乏性貧血は、正球性正色素性貧血である。,FALSE,正球性正色素性貧血とは、赤血球の大きさ(MCV)とヘモグロビン濃度(MCHC)が正常範囲内の貧血である。溶血性貧血、再生不良性貧血などがこれにあたる。鉄欠乏性貧血はどちらの値も低下する。
溶血性貧血では、間接ビリルビン黄疸が見られる。,TRUE,溶血性貧血では赤血球の破壊が亢進するため、血中の間接ビリルビンが増加し、間接ビリルビン優位の黄疸を呈する。[1-9]
BMI = 体重kg / ( 身長m )² =35以上が肥満である。,FALSE,BMIは25以上が肥満である。
ヘモグロビンA1cとは、過去1～2か月間の平均血糖値を反映する指標であり、グリコアルブミン値は過去2週間の平均血糖値を反映する指標である。,TRUE,HbA1cは血糖とヘモグロビンが結合(分解しない)、グリコアルブミンは血糖とアルブミンが結合したものである。赤血球の寿命は120日、アルブミンの血中半減期は17日であり、HbA1cは過去1～2か月、グリコアルブミン値は過去2～3週間の血糖値を反映する。[8-5]
TCが260、TGが200、HDLが40のとき、LDL-Cは150である。,FALSE,(LDLコレステロール) = (総コレステロール) ー (HDLコレステロール) ー (トリグリセリド) × 0.2 = 260ー40ー200×0.2 = 180 mg/dL。LDL<120が基準値 [9-11]
GLP-1受容体作動薬セマグルチドは週に1回起床時に少量の水と服用することで血糖降下作用を得られる。,FALSE,1日1回、最初の食事または飲水の前に、空腹状態でコップ半分(約120mL以下)とともに1錠服用する。[8-49]
妊娠の可能性がある女性の高コレステロール血症の治療にはフィブラート系を用いる。,FALSE,フィブラート、スタチン、異化排泄薬(プロブコール)、MTP阻害薬(ロミタピド)は妊婦禁忌である。陰イオン交換樹脂(コレスチラミン)は妊婦にも安全である。[9-37]
SGLT2阻害薬は腎保護、心臓保護が期待できる。,TRUE,SGLT2阻害薬は糸球体内圧を低下させるため腎保護作用がある。心臓保護効果も報告されている。[14-31]
慢性腎臓病を伴う脂質異常症の脂質管理目標値はLDL<120、TG<150、HDL≧40である。,TRUE,慢性腎臓病がある場合は高リスクの管理区分となる。管理区分によって目標値は異なる。[9-23]
ベンズブロマロンは高尿酸血症の治療に用いられ、尿路結石の形成を防ぐために尿アルカリ化薬を併用する。,TRUE,ベンズブロマロンは尿酸排泄促進薬であり、URAT1を阻害して尿酸再吸収を抑制する。これにより尿が酸性化し、尿酸が尿路に析出しやすくなるため、尿アルカリ化薬を併用して尿路結石を防止する。[9-53]
H.pylori感染と胃がんや胃MALTリンパ腫発症との関係が報告されている。,TRUE,H.pyloriはウレアーゼ活性により尿素からアンモニアを生成する。また、サイトトキシンを産生し、炎症やがん化を促進する。除菌は、PPI、アモキシシリン、クラリスロマイシンを併用する。[10-12]
潰瘍性大腸炎は大腸粘膜や粘膜下層を侵す、原因不明の腸疾患で、難治性では治療が長期化するが、大腸がんとの関連は少ない。,FALSE,潰瘍性大腸炎は長期間罹患していると大腸がんのリスクが高まる。[10-44]
胃食道逆流症(GERD)は、胃食道逆流により胸やけなどを起こす疾患で、痩せた若者に多い。,FALSE,胃食道逆流症は、中高年や高齢者に多く見られる。若年者に多いのは炎症性腸疾患である。[10-25]
B型肝炎ワクチン接種後6か月でHBs抗原陰性、HBs抗体陽性であった場合、B型肝炎の慢性化を考慮して精密な検査を行うべきである。,FALSE,これはワクチンによる免疫獲得を意味する。B型肝炎の慢性化では、HBs抗原(+)、HBs抗体(ー)、HBc抗体(+)になる。[11-11]
中毒型の薬剤性肝障害は薬剤もしくは薬剤の代謝物が毒性を示し、症状は用量依存的に起こる。,TRUE,そのとおり。全ての薬剤で肝障害が起こる可能性がある。胆汁うっ滞の遷延の治療には、ステロイドやウルソデオキシコール酸を用いる。[11-38]
肥満や脂肪肝による胆のう胆石症の結石は尿酸結石が原因で、ウルソデオキシコール酸により治療する。,FALSE,尿路結石は関係ない。胆汁のうっ滞や胆道感染症による胆汁成分の濃縮、脂質代謝異常が原因でコレステロール結石や色素系結石が起こる。コレステロール結石の治療にはウルソデオキシコール酸を用いる。[11-39]
慢性膵炎による内分泌機能低下によって引き起こされる糖尿病にはSGLT2阻害薬が有効であることが多い。,FALSE,慢性膵炎による糖尿病は、膵臓のβ細胞破壊によるインスリン分泌不全が主因のため、インスリンを用いる。[11-48]
前立腺肥大症による尿路の狭窄や閉塞によって、腎後性急性腎不全を引き起こす。,TRUE,腎臓の血液量減少により腎前性急性腎不全、毛細血管や糸球体の細胞障害により腎性急性腎不全、尿路閉塞により腎後性急性腎不全が起こる。[12-10]
急性腎不全は、電解質調節異常による低カリウム血症や代謝性アシドーシスを起こす。,FALSE,腎臓のカリウム排泄能力が低下するため、高カリウム血症が起こる。他に、高リン血症(リン排泄能低下)、低カルシウム血症(高リン血症による活性型ビタミンD低下によって腸管のカルシウム吸収低下、リン酸カルシウムの形成)が起こる。[12-13]
慢性腎不全に伴う貧血は、血清鉄とエリスロポエチン低下によって起こる。,FALSE,腎性貧血の原因はエリスロポエチン低下である。血清鉄は正常だが、鉄代謝異常により利用可能な鉄が減少している場合もある。[12-17]
成人ネフローゼ症候群は、タンパク尿3.5g/day以上が持続し、さらに浮腫や高LDLコレステロール血症を伴う。,TRUE,成人ネフローゼ症候群はタンパク尿(3.5g/day以上)、低アルブミン血症(血清アルブミン値3.0g/dL以下)が診断必須条件である。他に浮腫や高LDLコレステロール血症を伴う。[13-3]
微小変化型ネフローゼ症候群の治療はステロイド薬を1mg/kg/dayで開始し、4週間投与後に効果が認められれば徐々にステロイド薬を漸減する。,TRUE,そのとおり。微小変化型ネフローゼ症候群は大量のタンパク尿と浮腫が起こり、小児に多い疾患である。[13-8]
慢性腎臓病のeGFRに基づく病期分類G4期での高血圧治療においてサイアザイド系利尿薬が第一選択薬である。,FALSE,G4の第一選択薬はACE阻害薬やARBである。eGFRが下がると遠位尿細管までNaがあまり届かないため、遠位尿細管が作用部位であるサイアザイド系は使えない。[13-34]
女性の腎盂腎炎は患側の腰痛、肋骨脊椎骨(CVA)叩打痛、悪寒を伴う発熱がある。,TRUE,そのとおり。腎盂腎炎は女性に多い。[14-35]
カルシウム結石の再発予防のために、結石を形成する物質を過剰に排泄する清涼飲料水やコーヒーを避け、2000mL以上飲水することが推奨される。,TRUE,そのとおり。[14-41]
糖尿病性腎症のeGFRが28mL/min/1.73m²でタンパク尿1.5g/gCrである時、第3期の病期に分類される。,FALSE,GFRが30(mL/min/1.73m²)未満は第4期である。第4期は尿アルブミン値や尿蛋白値は問わない。[14-13]
糖尿病性腎臓病(DKD)は典型的な糖尿病性腎症と顕性アルブミン尿を伴わずにGFRが低下する非典型的な糖尿病関連腎疾患を含む概念である。,TRUE,そのとおり。
肺扁平上皮がんは腫瘍が産生するサイトカインにより局所的に骨破壊が引き起こされ、高カルシウム血症を引き起こす。,FALSE,扁平上皮癌、腺癌、肝細胞癌などによる高カルシウム血症の原因物質はサイトカインではなくPTHrP(PTH-related protein)である。サイトカインが原因なのは多発性骨髄腫や乳癌である。[3-8]
原発性副甲状腺機能亢進症が持続すると、胃潰瘍、膵炎、腎結石が引き起こされる。,TRUE,そのとおり。[3-5]
ビスホスホネート製剤使用中に抜歯するときは、顎骨壊死や顎骨骨髄炎の発症を防ぐため、カルシウム製剤を追加する。,FALSE,BP製剤はカルシウム製剤と併用するとキレートを形成し吸収が低下するため併用注意。ちなみに経口BP製剤で低リスクの人は抜歯時休薬は必要ないと最近なったらしい。
1型副甲状腺受容体作動薬のテリパラチドは破骨細胞による骨吸収を強力に抑制するため、骨折の可能性が高い骨粗鬆症に用いる。,FALSE,テリパラチドは骨吸収の抑制というより骨形成を促進する。破骨細胞の骨吸収を抑制するのはアレンドロン酸などのビスホスホネート製剤である。[3-30]
子宮内膜症の治療にはエストロゲンの作用を抑制するため、エストロゲン受容体遮断薬であるクロミフェンを用いる。,FALSE,クロミフェンは卵胞ホルモンの負のフィードバックを除くため排卵誘発療法に用いられる。子宮内膜症にはプロゲステロン受容体選択的アゴニストであるジエノゲストなどが使われる。[7-26]
排卵直前に、エストロゲンの視床下部・下垂体へのポジティブフィードバックにより黄体化ホルモンが大量に放出され、排卵が起こる。,TRUE,そのとおり。女性のホルモン分泌調節においてポジティブフィードバックが起こるのはこれだけ。[7-10]
妊娠高血圧症にはメチルドパやヒドララジンを用い、アンギオテンシン受容体拮抗薬やアンギオテンシン変換酵素阻害剤は使用禁忌である。,TRUE,そのとおり。ACE阻害薬やARBは催奇形性や胎児毒性があるため妊婦は禁忌。[7-51]
パーキンソン病はリン酸化タウタンパク質の細胞内蓄積が特徴の神経変性疾患で、認知症を伴う場合、レボドパではなくドパミン受容体刺激薬を用いる。,FALSE,リン酸化タウタンパク質の蓄積が特徴なのはアルツハイマー型認知症である。パーキンソン病はシヌクレイン蓄積による細胞傷害を基盤とし、レビー正体が多発する。[5-9]
抗パーキンソン病治療薬の長期使用によるwearing-offの対策に、末梢COMT阻害薬やドパミン受容体刺激薬を用いる。,TRUE,wearing-off現象への対応には、レボドパの投与回数増加、作用時間の長いドパミンアゴニストの追加、COMT阻害薬(エンタカポン)などの併用がある。[5-18]
レカネマブは毒性の高いアミロイドβプロトフィブリルと結合し脳内から除去することで、アルツハイマー型認知症の進行を抑制する。,TRUE,レカネマブはアルツハイマー病による軽度認知障害及び軽度の認知症の進行を抑制する。[5-37]
アルツハイマー型認知症治療薬で、アセチルコリンエステラーゼを阻害する薬のうち、ニコチン性アセチルコリン受容体のアロステリック活性化リガンド作用を持つのはドネペジルである。,FALSE,ニコチン性アセチルコリン受容体へのアロステリック活性化リガンド作用(APL作用)があるのはガランタミンである。[5-35]
細菌感染後の慢性副鼻腔炎には、14員環マクロライド系抗菌薬を大量に長期投与することで、菌を完全に除去する。,FALSE,少量の長期投与を行う。常用量の半数を3か月間投与することで、抗菌力以外の抗炎症作用や免疫増強作用を目的としている。[2-35]
てんかんは1回目の発作後に治療を開始すると効果が大きいため、発作型が同定されるまではカルバマゼピンによる経験的治療を行う。,FALSE,1回だけの発作で脳波に異常がなければ治療を保留する。薬物治療を開始すると止める判断が難しいため、正確な診断が重要である。[4-29]
炭酸リチウムは双極性障害の躁状態、うつ状態、維持療法のいずれにも使えるほか、抗うつ薬と併用してうつ病治療薬の増強にも使用できる。,TRUE,そのとおり。[6-19、27]
NaSSAのミルタザピンはノルアドレナリン、セロトニンの遊離を促進して抗うつ作用を示すが、副作用として高頻度の不眠がある。,FALSE,ミルタザピンはH1受容体遮断(及び5-HT2A受容体遮断作用)を持ち、入眠や睡眠を助ける働きがあるため、不眠を伴ううつに有効である。[6-14]
欠神発作は全般てんかんの一つで、エトスクシミドを用いるが、カルバマゼピンは使用できない。,TRUE,欠神発作の第一選択薬はバルプロ酸やエトスクシミドである。第二選択はラモトリギン。カルバマゼピンは焦点発作(全般強直間代発作には第二選択)に使用される。[4-31]
片頭痛治療薬としてトリプタン系は三叉神経からのCGRPの放出を抑える薬剤で発作時に投与し、抗CGRP抗体は発作前に投与して片頭痛を予防する。,TRUE,そのとおり。トリプタン系にはスマトリプタンやゾルミトリプタン、抗CGRP抗体にはフレマネズマブやガルカネズマブがある。[4-56]
インフルエンザ菌の細菌性髄膜炎は脳実質の急性炎症で、自然に治癒するため発熱や嘔吐に対する対症療法を行う。,FALSE,自然治癒はしない。重症化しやすく死亡や後遺症のリスクがあるため、速やかに抗菌薬のエンピリック治療を行う。[4-63]
メニエール病は前庭障害が原因により発症する難聴や耳鳴りを伴わないめまい症であり、ステロイド薬を用いることもある。,FALSE,メニエール病は内リンパ水腫が原因で、激しい回転性めまい、耳鳴り、難聴などが起こる。難聴に対してステロイドの点滴静注を行うこともある。[2-25]
ロイコトリエン受容体拮抗薬は鼻閉に対して優れた効果を持つが、速効性はない。,TRUE,そのとおり。鼻閉に有効で速効性があるのは点鼻血管収縮薬である。[2-43]
うつ病治療でSSRIとSNRIを用いて効果が不十分な場合は、MAOB阻害薬を併用する。,FALSE,MAOB阻害薬は他の抗うつ薬と併用できない。
オレキシン受容体拮抗薬はベンゾジアゼピン系のような依存性はない。,TRUE,そのとおり。
小児急性中耳炎の治療では重症化を防ぐため、軽症の段階から高用量アモキシシリン投与で治療を開始する。(確認問題),FALSE,軽症では3日間経過観察を行い、改善しない場合、常用量のアモキシシリンを投与する。[2-20]
季節性アレルギー性鼻炎の治療において、オマリズマブは既存治療で効果不十分な重症又は最重症患者に用いられる。(確認問題),TRUE,そのとおり。抗IgE抗体製剤であり、遊離したIgEと結合し、マスト細胞との結合を妨げて活性化を抑制する。[2-42]
扁桃は、鼻や口から侵入する病原体や外来抗原に対する免疫獲得や免疫防御を行う場所である。(確認問題),TRUE,そのとおり。抗原特異的IgA抗体を産生し、局所免疫（上気道の粘膜免疫）の役割をもつ。[2-48]
てんかん治療では、1回目の発作後、速やかに治療を開始すると効果的である。(確認問題),FALSE,1回だけの発作で脳波に異常がなければ治療を保留する。薬物治療を開始すると止める判断が難しいため、正確な診断が重要である。[4-29]
ナラトリプタンは片頭痛の急性期治療薬として用いられる。(確認問題),TRUE,片頭痛の急性期（発作）治療薬として、トリプタン系、ジタン系、エルゴタミン製剤、鎮痛薬がある。[4-56]
真菌性髄膜炎の治療では、アムホテリシンBが第一選択薬である。(確認問題),TRUE,そのとおり。クリプトコッカス髄膜炎が最も頻度が高い。アムホテリシンB静注とフルシトシン(5-FC)経口の併用療法が基本である。[4-67]
パーキンソン病の薬物療法を開始するにあたり、65歳以下で認知機能障害がない場合はドパミンアゴニストを用いる。(確認問題),TRUE,そのとおり。高齢で認知機能障害がある場合、精神症状発現のリスクが高いため、レボドパが基本である。[5-13]
アルツハイマー病の治療において、リバスチグミンは貼付剤として用いられる。(確認問題),TRUE,そのとおり。アセチルコリンエステラーゼ及びブチリルコリンエステラーゼ阻害薬。貼付剤なので服薬管理が容易なうえ、副作用の消化器症状が軽減される。[5-33]
レビー小体型認知症の治療では、ドネペジルは無効である。(確認問題),FALSE,レビー小体型認知症は、ドネペジルなどのコリンエステラーゼ阻害薬が著効する。[5-43]
うつ病の治療において抗うつ薬が奏功したら、薬物依存形成を防止するため直ちに使用をやめる。(確認問題),FALSE,寛解しても再燃防止のために1～2年減量せずに継続する。突然服薬を中止すると、めまいや不眠などの中止後症候群が起こる可能性がある。[6-17]
炭酸リチウムは双極性障害の躁状態の治療、うつ病相の治療、緩解維持療法のすべてに有効である。(確認問題),TRUE,そのとおり。双極性障害の躁、うつ、予防のすべてに有効なのは炭酸リチウムの他に、オランザピン、クエチアピンがある。[6-27]
抗不安薬タンドスピロンは5-HT1A受容体アゴニストである。(確認問題),TRUE,そのとおり。軽症の神経症や心身症に有効である。ベンゾジアゼピンのような健忘作用、中枢性筋弛緩作用、耐性、断薬症状がなく、催眠作用も弱い。[6-35]
排卵誘発剤としてエチニルエストラジオール＋ノルエチステロンが用いられる。(確認問題),FALSE,排卵誘発ではなく抑制剤である。前者は卵胞ホルモン薬、後者は黄体ホルモン薬であり、卵胞刺激ホルモンと黄体化ホルモンの分泌抑制作用、子宮内膜の増殖抑制作用がある。[7-22]
子宮内膜症の治療では、プロゲステロン受容体アゴニストのジエノゲストが用いられる。(確認問題),TRUE,そのとおり。ジエノゲストと経口避妊薬は子宮内膜症の第一選択薬である。子宮内膜細胞の増殖抑制、卵胞発育抑制により子宮内膜を萎縮させる。[7-26]
妊娠高血圧症に対する降圧治療ではACE阻害薬が第一選択薬である。(確認問題),FALSE,妊婦にACE(アンジオテンシン変換酵素)阻害薬、ARB(アンジオテンシンⅡ受容体拮抗薬)は、催奇形性や胎児毒性などの原因となり禁忌である。中枢性降圧薬やα.β遮断薬を用いる。[7-51]
切迫早産治療薬リトドリン塩酸塩の作用機序は、アドレナリンβ2受容体刺激による子宮平滑筋弛緩作用である。(確認問題),TRUE,そのとおり。早産治療薬は他に、イソクスプリン(β受容体刺激)、硫酸マグネシウム(Ca拮抗剤)がある。[7-27]
不眠治療薬レンボレキサントはオレキシン受容体アゴニストである。(確認問題),FALSE,レンボレキサントはオレキシン受容体拮抗薬である。オレキシンは昼に多く分泌され、覚醒を維持する役割がある。[15-11]
ナルコレプシー治療では依存症回避の観点から、メチルフェニデートやぺモリンよりもモダフィニルの使用を優先する。(確認問題),TRUE,そのとおり。依存性回避のため、モダフィニル(ヒスタミン系の賦活化、GABA遊離抑制作用)が第一選択薬である。[15-21]
がん性疼痛治療では、強オピオイドで寛解を得た後に副作用の少ない薬剤に変えていくステップダウンブリッジ方式が基本である。(確認問題),FALSE,ステップダウンブリッジ方式は関節リウマチで用いる方法である。がん性疼痛では、オピオイド薬の副作用や増量時の効果不足が生じた場合、他のオピオイドに変更するオピオイドローテーションを行う。[15-36]
